Date,14 - Tests,Day - Tests,14 - Pos,Day - Pos,14 - Pos Rate,Day - Pos Rate,,14 - Tests,Day - Tests,14 - Pos,Day - Pos,14 - Pos Rate,Day - Pos Rate,,Diff 14 Tested,Diff Daily Tests,Diff 14 Pos,Diff Daily Pos,Diff 14 Rate,Diff Day Rate
3/1/2020,,0,,0,#DIV/0!,#DIV/0!,,,0,,0,#DIV/0!,#DIV/0!,,0,0,0,0,#DIV/0!,#DIV/0!
3/2/2020,0,4,0,0,#DIV/0!,0,,0,4,0,0,#DIV/0!,0,,0,0,0,0,#DIV/0!,0
3/3/2020,4,1,0,0,0,0,,4,1,0,0,0,0,,0,0,0,0,0,0
3/4/2020,5,3,0,0,0,0,,5,3,0,0,0,0,,0,0,0,0,0,0
3/5/2020,8,7,0,0,0,0,,8,7,0,0,0,0,,0,0,0,0,0,0
3/6/2020,15,7,0,0,0,0,,15,7,0,0,0,0,,0,0,0,0,0,0
3/7/2020,22,7,0,4,0,0.571428571,,22,7,0,4,0,0.571428571,,0,0,0,0,0,4.28571E-10
3/8/2020,29,12,4,4,0.137931034,0.333333333,,29,12,4,4,0.137931034,0.333333333,,0,0,0,0,4.82759E-10,3.33333E-10
3/9/2020,41,17,8,5,0.195121951,0.294117647,,41,17,8,5,0.195121951,0.294117647,,0,0,0,0,2.19512E-10,5.88236E-11
3/10/2020,58,15,13,2,0.224137931,0.133333333,,58,15,13,2,0.224137931,0.133333333,,0,0,0,0,3.44827E-11,3.33333E-10
3/11/2020,73,16,15,2,0.205479452,0.125,,73,16,15,2,0.205479452,0.125,,0,0,0,0,5.47945E-11,0
3/12/2020,89,41,17,1,0.191011236,0.024390244,,89,41,17,1,0.191011236,0.024390244,,0,0,0,0,-4.49438E-11,-9.7561E-11
3/13/2020,130,68,18,6,0.138461538,0.088235294,,130,68,18,6,0.138461538,0.088235294,,0,0,0,0,4.61538E-10,1.17647E-10
3/14/2020,198,63,24,2,0.121212121,0.031746032,,198,63,24,2,0.121212121,0.031746032,,0,0,0,0,2.12121E-10,-2.53968E-10
3/15/2020,261,67,26,1,0.099616858,0.014925373,,261,67,26,1,0.099616858,0.014925373,,0,0,0,0,2.37548E-10,1.34328E-10
3/16/2020,328,248,27,20,0.082317073,0.080645161,,328,248,27,20,0.082317073,0.080645161,,0,0,0,0,1.70732E-10,2.90323E-10
3/17/2020,572,272,47,22,0.082167832,0.080882353,,572,275,47,22,0.082167832,0.08,,0,-3,0,0,1.67832E-10,0.000882353
3/18/2020,843,248,69,26,0.081850534,0.10483871,,846,248,69,26,0.081560284,0.10483871,,-3,0,0,0,0.00029025,-3.22581E-10
3/19/2020,1088,234,95,28,0.087316176,0.11965812,,1091,235,95,28,0.087076077,0.119148936,,-3,-1,0,0,0.000240099,0.000509184
3/20/2020,1315,255,123,26,0.093536122,0.101960784,,1319,257,123,26,0.093252464,0.101167315,,-4,-2,0,0,0.000283658,0.000793469
3/21/2020,1563,136,149,15,0.095329495,0.110294118,,1569,139,149,15,0.094964946,0.107913669,,-6,-3,0,0,0.000364549,0.002380449
3/22/2020,1692,144,160,18,0.094562648,0.125,,1701,145,160,18,0.094062316,0.124137931,,-9,-1,0,0,0.000500332,0.000862069
3/23/2020,1824,436,174,52,0.095394737,0.119266055,,1834,442,174,52,0.094874591,0.117647059,,-10,-6,0,0,0.000520146,0.001618996
3/24/2020,2243,457,221,56,0.098528756,0.122538293,,2259,460,221,56,0.097830899,0.12173913,,-16,-3,0,0,0.000697857,0.000799163
3/25/2020,2685,416,275,65,0.102420857,0.15625,,2704,419,275,65,0.101701183,0.155131265,,-19,-3,0,0,0.000719674,0.001118735
3/26/2020,3085,470,338,64,0.109562399,0.136170213,,3107,471,338,64,0.108786611,0.135881104,,-22,-1,0,0,0.000775788,0.000289109
3/27/2020,3514,478,401,69,0.114114969,0.144351464,,3537,481,401,69,0.113372915,0.143451143,,-23,-3,0,0,0.000742054,0.000900321
3/28/2020,3924,224,464,40,0.118246687,0.178571429,,3950,225,464,40,0.117468354,0.177777778,,-26,-1,0,0,0.000778333,0.000793651
3/29/2020,4085,174,502,36,0.122888617,0.206896552,,4112,174,502,36,0.122081712,0.206896552,,-27,0,0,0,0.000806905,-2.75862E-10
3/30/2020,4192,629,537,114,0.128101145,0.181240064,,4219,631,537,114,0.127281346,0.18066561,,-27,-2,0,0,0.000819799,0.000574454
3/31/2020,4573,511,631,78,0.137983818,0.152641879,,4602,518,631,78,0.137114298,0.150579151,,-29,-7,0,0,0.00086952,0.002062728
4/1/2020,4812,541,687,83,0.14276808,0.153419593,,4845,547,687,83,0.141795666,0.151736746,,-33,-6,0,0,0.000972414,0.001682847
4/2/2020,5105,533,744,83,0.145739471,0.155722326,,5144,534,744,83,0.144634526,0.155430712,,-39,-1,0,0,0.001104945,0.000291614
4/3/2020,5404,504,799,97,0.147853442,0.192460317,,5443,507,799,97,0.146794047,0.191321499,,-39,-3,0,0,0.001059395,0.001138818
4/4/2020,5653,217,870,56,0.153900584,0.258064516,,5693,217,870,56,0.152819252,0.258064516,,-40,0,0,0,0.001081332,1.29032E-10
4/5/2020,5734,239,911,68,0.158876875,0.284518828,,5771,239,911,68,0.157858257,0.284518828,,-37,0,0,0,0.001018618,4.51883E-10
4/6/2020,5829,694,961,132,0.164865329,0.190201729,,5865,702,961,132,0.163853367,0.188034188,,-36,-8,0,0,0.001011962,0.002167541
4/7/2020,6087,610,1041,117,0.171020207,0.191803279,,6125,615,1041,117,0.169959184,0.190243902,,-38,-5,0,0,0.001061023,0.001559377
4/8/2020,6240,577,1102,112,0.176602564,0.194107452,,6280,577,1102,112,0.175477707,0.194107452,,-40,0,0,0,0.001124857,3.39688E-10
4/9/2020,6401,510,1149,114,0.179503203,0.223529412,,6438,513,1149,114,0.178471575,0.222222222,,-37,-3,0,0,0.001031628,0.00130719
4/10/2020,6441,650,1199,242,0.186151219,0.372307692,,6480,655,1199,242,0.185030864,0.369465649,,-39,-5,0,0,0.001120355,0.002842043
4/11/2020,6613,248,1372,75,0.207470135,0.302419355,,6654,248,1372,75,0.206191764,0.302419355,,-41,0,0,0,0.001278371,-1.6129E-10
4/12/2020,6637,191,1407,57,0.21199337,0.298429319,,6677,192,1407,57,0.210723379,0.296875,,-40,-1,0,0,0.001269991,0.001554319
4/13/2020,6654,671,1428,202,0.214607755,0.301043219,,6695,677,1428,202,0.213293503,0.298375185,,-41,-6,0,0,0.001314252,0.002668034
4/14/2020,6696,624,1516,156,0.226403823,0.25,,6741,631,1516,156,0.224892449,0.247226624,,-45,-7,0,0,0.001511374,0.002773376
4/15/2020,6809,660,1594,183,0.234101924,0.277272727,,6854,665,1594,183,0.232564926,0.27518797,,-45,-5,0,0,0.001536998,0.002084757
4/16/2020,6928,1404,1694,491,0.244515012,0.3497151,,6972,1412,1694,491,0.242971888,0.347733711,,-44,-8,0,0,0.001543124,0.001981389
4/17/2020,7799,1447,2102,506,0.269521734,0.349689012,,7850,1452,2102,506,0.267770701,0.348484848,,-51,-5,0,0,0.001751033,0.001204164
4/18/2020,8742,427,2511,176,0.287234043,0.412177986,,8795,428,2511,176,0.285503127,0.411214953,,-53,-1,0,0,0.001730916,0.000963033
4/19/2020,8952,412,2631,170,0.293900804,0.412621359,,9006,412,2631,170,0.292138574,0.412621359,,-54,0,0,0,0.00176223,2.23301E-10
4/20/2020,9125,1335,2733,512,0.299506849,0.383520599,,9179,1343,2733,513,0.297744852,0.38198064,,-54,-8,0,-1,0.001761997,0.001539959
4/21/2020,9766,1278,3113,455,0.31875896,0.356025039,,9820,1290,3114,455,0.317107943,0.352713178,,-54,-12,-1,0,0.001651017,0.003311861
4/22/2020,10434,1386,3451,533,0.330745639,0.384559885,,10495,1394,3452,533,0.328918533,0.382352941,,-61,-8,-1,0,0.001827106,0.002206944
4/23/2020,11243,1441,3872,472,0.344392066,0.327550312,,11312,1448,3873,472,0.342379774,0.325966851,,-69,-7,-1,0,0.002012292,0.001583461
4/24/2020,12174,2092,4230,691,0.347461804,0.330305927,,12247,2121,4231,691,0.345472361,0.325789722,,-73,-29,-1,0,0.001989443,0.004516205
4/25/2020,13616,3463,4679,1289,0.343639835,0.372220618,,13713,3476,4680,1289,0.341281995,0.370828539,,-97,-13,-1,0,0.00235784,0.001392079
4/26/2020,16831,643,5893,164,0.35012774,0.255054432,,16941,645,5894,164,0.347913346,0.254263566,,-110,-2,-1,0,0.002214394,0.000790866
4/27/2020,17283,1968,6000,568,0.347161951,0.288617886,,17394,1988,6001,568,0.345004024,0.285714286,,-111,-20,-1,0,0.002157927,0.0029036
4/28/2020,18580,2318,6366,649,0.34262648,0.279982744,,18705,2337,6367,649,0.34039027,0.277706461,,-125,-19,-1,0,0.00223621,0.002276283
4/29/2020,20274,2367,6859,514,0.338315083,0.217152514,,20411,2384,6860,514,0.336093283,0.215604027,,-137,-17,-1,0,0.0022218,0.001548487
4/30/2020,21981,2328,7190,443,0.327100678,0.190292096,,22130,2341,7191,443,0.324943516,0.18923537,,-149,-13,-1,0,0.002157162,0.001056726
5/1/2020,22905,1870,7142,400,0.311809649,0.213903743,,23059,1879,7143,400,0.309770588,0.212879191,,-154,-9,-1,0,0.002039061,0.001024552
5/2/2020,23328,649,7036,174,0.301611797,0.268104777,,23486,649,7037,174,0.299625309,0.268104777,,-158,0,-1,0,0.001986488,-4.20647E-10
5/3/2020,23550,617,7034,127,0.298683652,0.205834684,,23707,620,7035,127,0.296747796,0.20483871,,-157,-3,-1,0,0.001935856,0.000995974
5/4/2020,23755,2337,6991,604,0.294295938,0.258451006,,23915,2355,6992,604,0.292368806,0.256475584,,-160,-18,-1,0,0.001927132,0.001975422
5/5/2020,24757,2524,7083,512,0.286100901,0.202852615,,24927,2532,7083,512,0.284149717,0.20221169,,-170,-8,0,0,0.001951184,0.000640925
5/6/2020,26003,2165,7140,373,0.274583702,0.172286374,,26169,2181,7140,373,0.272841912,0.171022467,,-166,-16,0,0,0.00174179,0.001263907
5/7/2020,26782,2085,6980,367,0.260622806,0.176019185,,26956,2099,6980,367,0.258940496,0.174845164,,-174,-14,0,0,0.00168231,0.001174021
5/8/2020,27426,2020,6875,342,0.250674542,0.169306931,,27607,2035,6875,342,0.249031043,0.168058968,,-181,-15,0,0,0.001643499,0.001247963
5/9/2020,27354,854,6526,120,0.238575711,0.140515222,,27521,860,6526,120,0.237128011,0.139534884,,-167,-6,0,0,0.0014477,0.000980338
5/10/2020,24745,817,5357,118,0.216488179,0.144430845,,24905,822,5357,118,0.21509737,0.143552311,,-160,-5,0,0,0.001390809,0.000878534
5/11/2020,24919,2708,5311,446,0.213130543,0.164697194,,25082,2727,5311,447,0.211745475,0.163916392,,-163,-19,0,-1,0.001385068,0.000780802
5/12/2020,25659,2765,5189,406,0.202229237,0.146835443,,25821,2780,5190,406,0.200999187,0.146043165,,-162,-15,-1,0,0.00123005,0.000792278
5/13/2020,26106,2378,4946,313,0.189458362,0.131623213,,26264,2396,4947,313,0.188356686,0.130634391,,-158,-18,-1,0,0.001101676,0.000988822
5/14/2020,26117,2450,4745,352,0.181682429,0.143673469,,26276,2475,4746,352,0.180621099,0.142222222,,-159,-25,-1,0,0.00106133,0.001451247
5/15/2020,26239,2254,4654,317,0.177369564,0.140638864,,26410,2270,4655,317,0.176258993,0.139647577,,-171,-16,-1,0,0.001110571,0.000991287
5/16/2020,26623,1130,4571,151,0.171693648,0.133628319,,26801,1138,4572,151,0.17059065,0.132688928,,-178,-8,-1,0,0.001102998,0.000939391
5/17/2020,27104,1063,4548,124,0.167798111,0.116650988,,27290,1068,4549,124,0.166691096,0.116104869,,-186,-5,-1,0,0.001107015,0.000546119
5/18/2020,27550,4170,4545,797,0.164972777,0.191127098,,27738,4192,4546,797,0.163890691,0.190124046,,-188,-22,-1,0,0.001082086,0.001003052
5/19/2020,29383,3957,4738,647,0.161249702,0.163507708,,29575,3988,4739,647,0.160236686,0.16223671,,-192,-31,-1,0,0.001013016,0.001270998
5/20/2020,30816,3253,4873,444,0.158132139,0.136489394,,31031,3276,4874,444,0.157068738,0.135531136,,-215,-23,-1,0,0.001063401,0.000958258
5/21/2020,31904,2923,4944,477,0.154964895,0.163188505,,32126,2938,4945,477,0.15392517,0.162355344,,-222,-15,-1,0,0.001039725,0.000833161
5/22/2020,32742,3268,5054,306,0.154358317,0.093635251,,32965,3291,5055,306,0.153344456,0.092980857,,-223,-23,-1,0,0.001013861,0.000654394
5/23/2020,33990,830,5018,119,0.147631656,0.143373494,,34221,834,5019,119,0.146664329,0.142685851,,-231,-4,-1,0,0.000967327,0.000687643
5/24/2020,33966,978,5017,103,0.14770653,0.105316973,,34195,987,5018,103,0.1467466,0.104356636,,-229,-9,-1,0,0.00095993,0.000960337
5/25/2020,34127,928,5002,87,0.146570164,0.09375,,34360,942,5003,87,0.145605355,0.092356688,,-233,-14,-1,0,0.000964809,0.001393312
5/26/2020,32347,4230,4643,468,0.143537268,0.110638298,,32575,4252,4643,468,0.142532617,0.110065851,,-228,-22,0,0,0.001004651,0.000572447
5/27/2020,33812,3917,4705,397,0.13915178,0.101353076,,34047,3946,4705,397,0.138191324,0.100608211,,-235,-29,0,0,0.000960456,0.000744865
5/28/2020,35351,3845,4789,441,0.135470001,0.114694408,,35597,3874,4789,441,0.134533809,0.113835829,,-246,-29,0,0,0.000936192,0.000858579
5/29/2020,36746,3629,4878,360,0.132749143,0.099200882,,36996,3663,4878,360,0.131852092,0.098280098,,-250,-34,0,0,0.000897051,0.000920784
5/30/2020,38121,1232,4921,123,0.129088954,0.099837662,,38389,1235,4921,123,0.128187762,0.099595142,,-268,-3,0,0,0.000901192,0.00024252
5/31/2020,38223,1235,4893,76,0.12801193,0.061538462,,38486,1244,4893,77,0.127137141,0.061897106,,-263,-9,0,-1,0.000874789,-0.000358644
6/1/2020,38395,4122,4845,489,0.126188306,0.118631732,,38662,4169,4846,489,0.125342714,0.117294315,,-267,-47,-1,0,0.000845592,0.001337417
6/2/2020,38347,4097,4537,338,0.11831434,0.08249939,,38639,4136,4538,338,0.117446104,0.08172147,,-292,-39,-1,0,0.000868236,0.00077792
6/3/2020,38487,3813,4228,388,0.109855276,0.101757147,,38787,3841,4229,388,0.109031376,0.101015361,,-300,-28,-1,0,0.0008239,0.000741786
6/4/2020,39047,3629,4172,344,0.106845596,0.094791954,,39352,3659,4173,344,0.106042895,0.094014758,,-305,-30,-1,0,0.000802701,0.000777196
6/5/2020,39753,3578,4039,361,0.101602395,0.100894354,,40073,3593,4040,362,0.100816011,0.100751461,,-320,-15,-1,-1,0.000786384,0.000142893
6/6/2020,40063,1250,4094,91,0.102189052,0.0728,,40375,1264,4096,92,0.101448916,0.07278481,,-312,-14,-2,-1,0.000740136,1.519E-05
6/7/2020,40483,1214,4066,58,0.100437221,0.047775947,,40805,1222,4069,58,0.099718172,0.047463175,,-322,-8,-3,0,0.000719049,0.000312772
6/8/2020,40719,4510,4021,483,0.098749969,0.107095344,,41040,4546,4024,483,0.098050682,0.10624725,,-321,-36,-3,0,0.000699287,0.000848094
6/9/2020,44301,3971,4417,319,0.099704296,0.08033241,,44644,3993,4420,319,0.099005465,0.079889807,,-343,-22,-3,0,0.000698831,0.000442603
6/10/2020,44042,3780,4268,332,0.096907497,0.087830688,,44385,3810,4271,332,0.096226203,0.087139108,,-343,-30,-3,0,0.000681294,0.00069158
6/11/2020,43905,3524,4203,271,0.095729416,0.076901249,,44249,3556,4206,271,0.095052996,0.076209224,,-344,-32,-3,0,0.00067642,0.000692025
6/12/2020,43584,3753,4033,274,0.092533957,0.07300826,,43931,3776,4036,274,0.091871344,0.072563559,,-347,-23,-3,0,0.000662613,0.000444701
6/13/2020,43708,1281,3947,79,0.090303835,0.06167057,,44044,1294,3950,79,0.089683044,0.061051005,,-336,-13,-3,0,0.000620791,0.000619565
6/14/2020,43757,1249,3903,58,0.089197157,0.04643715,,44103,1261,3906,58,0.088565404,0.045995242,,-346,-12,-3,0,0.000631753,0.000441908
6/15/2020,43771,4652,3885,448,0.088757396,0.096302666,,44120,4695,3887,448,0.088100635,0.09542066,,-349,-43,-2,0,0.000656761,0.000882006
6/16/2020,44301,4340,3844,371,0.08677005,0.085483871,,44646,4379,3846,371,0.086144335,0.084722539,,-345,-39,-2,0,0.000625715,0.000761332
6/17/2020,44544,4125,3877,378,0.087037536,0.091636364,,44889,4160,3879,378,0.086413152,0.090865385,,-345,-35,-2,0,0.000624384,0.000770979
6/18/2020,44856,3961,3867,350,0.086209203,0.088361525,,45208,3999,3869,350,0.085582198,0.08752188,,-352,-38,-2,0,0.000627005,0.000839645
6/19/2020,45188,4630,3873,461,0.085708595,0.099568035,,45548,4658,3875,461,0.085075086,0.098969515,,-360,-28,-2,0,0.000633509,0.00059852
6/20/2020,46240,1619,3973,105,0.08592128,0.064854849,,46613,1633,3974,105,0.085255186,0.064298836,,-373,-14,-1,0,0.000666094,0.000556013
6/21/2020,46609,1410,3987,82,0.085541419,0.058156028,,46982,1417,3987,82,0.084862288,0.057868737,,-373,-7,0,0,0.000679131,0.000287291
6/22/2020,46805,5831,4011,561,0.085695973,0.096209913,,47177,5873,4011,561,0.085020243,0.09552188,,-372,-42,0,0,0.00067573,0.000688033
6/23/2020,48126,5572,4089,492,0.084964468,0.088298636,,48504,5608,4089,492,0.084302326,0.087731812,,-378,-36,0,0,0.000662142,0.000566824
6/24/2020,49727,5077,4262,428,0.085707965,0.084301753,,50119,5123,4262,428,0.08503761,0.083544798,,-392,-46,0,0,0.000670355,0.000756955
6/25/2020,51024,5215,4358,481,0.085410787,0.092233941,,51432,5256,4358,482,0.08473324,0.091704718,,-408,-41,0,-1,0.000677547,0.000529223
6/26/2020,52715,4979,4568,456,0.086654652,0.091584656,,53132,5014,4569,457,0.085993375,0.091144795,,-417,-35,-1,-1,0.000661277,0.000439861
6/27/2020,53941,1923,4750,161,0.088059176,0.083723349,,54370,1929,4752,161,0.08740114,0.083462934,,-429,-6,-2,0,0.000658036,0.000260415
6/28/2020,54583,1870,4832,171,0.088525731,0.09144385,,55005,1883,4834,171,0.08788292,0.090812533,,-422,-13,-2,0,0.000642811,0.000631317
6/29/2020,55204,6896,4945,712,0.089576842,0.10324826,,55627,6942,4947,713,0.088931634,0.102708153,,-423,-46,-2,-1,0.000645208,0.000540107
6/30/2020,57448,5790,5209,692,0.090673305,0.119516408,,57874,5838,5212,692,0.090057712,0.118533744,,-426,-48,-3,0,0.000615593,0.000982664
7/1/2020,58898,5445,5530,584,0.093891134,0.107254362,,59333,5479,5533,584,0.093253333,0.106588794,,-435,-34,-3,0,0.000637801,0.000665568
7/2/2020,60218,6160,5736,694,0.095253911,0.112662338,,60652,6214,5739,694,0.094621777,0.111683296,,-434,-54,-3,0,0.000632134,0.000979042
7/3/2020,62417,2283,6080,248,0.09740936,0.108628997,,62867,2297,6083,248,0.096759826,0.107966913,,-450,-14,-3,0,0.000649534,0.000662084
7/4/2020,60070,1167,5867,100,0.097669386,0.085689803,,60506,1179,5870,100,0.097015172,0.084817642,,-436,-12,-3,0,0.000654214,0.000872161
7/5/2020,59618,1966,5862,203,0.098326009,0.103255341,,60052,1978,5865,202,0.097665357,0.102123357,,-434,-12,-3,1,0.000660652,0.001131984
7/6/2020,60174,7772,5983,774,0.099428325,0.099588266,,60613,7830,5985,774,0.098741194,0.098850575,,-439,-58,-2,0,0.000687131,0.000737691
7/7/2020,62115,7176,6196,731,0.099750463,0.101867336,,62570,7263,6198,731,0.099057056,0.100647116,,-455,-87,-2,0,0.000693407,0.00122022
7/8/2020,63719,6490,6435,817,0.100990285,0.125885978,,64225,6592,6437,817,0.100225769,0.123938107,,-506,-102,-2,0,0.000764516,0.001947871
7/9/2020,65132,6054,6824,773,0.104771848,0.127684176,,65694,6113,6826,774,0.103905988,0.12661541,,-562,-59,-2,-1,0.00086586,0.001068766
7/10/2020,65971,6203,7116,566,0.107865577,0.091246171,,66551,6269,7118,566,0.106955568,0.090285532,,-580,-66,-2,0,0.000910009,0.000960639
7/11/2020,67195,2394,7226,211,0.107537763,0.088137009,,67806,2425,7227,213,0.106583488,0.087835052,,-611,-31,-1,-2,0.000954275,0.000301957
7/12/2020,67666,2082,7276,203,0.107528153,0.097502402,,68302,2102,7279,203,0.106570818,0.096574691,,-636,-20,-3,0,0.000957335,0.000927711
7/13/2020,67878,7885,7308,786,0.10766375,0.099682942,,68521,7977,7311,786,0.106697217,0.098533283,,-643,-92,-3,0,0.000966533,0.001149659
7/14/2020,68867,6792,7382,633,0.107192124,0.09319788,,69556,6862,7384,633,0.106159066,0.092247158,,-689,-70,-2,0,0.001033058,0.000950722
7/15/2020,69869,6422,7323,661,0.104810431,0.102927437,,70580,6466,7325,661,0.103782941,0.102227034,,-711,-44,-2,0,0.00102749,0.000700403
7/16/2020,70846,5758,7400,562,0.10445191,0.097603334,,71567,5809,7402,562,0.103427557,0.096746428,,-721,-51,-2,0,0.001024353,0.000856906
7/17/2020,70444,5679,7268,518,0.103174153,0.091213242,,71162,5708,7270,518,0.102161266,0.090749825,,-718,-29,-2,0,0.001012887,0.000463417
7/18/2020,73840,2174,7538,153,0.10208559,0.070377185,,74573,2195,7540,153,0.10110898,0.069703872,,-733,-21,-2,0,0.00097661,0.000673313
7/19/2020,74847,1711,7591,134,0.101420231,0.078316774,,75589,1717,7593,134,0.100451124,0.078043098,,-742,-6,-2,0,0.000969107,0.000273676
7/20/2020,74592,7618,7522,747,0.100841913,0.098057233,,75328,7670,7525,747,0.099896453,0.097392438,,-736,-52,-3,0,0.00094546,0.000664795
7/21/2020,74438,6405,7495,584,0.100687821,0.091178767,,75168,6453,7498,584,0.099749894,0.090500542,,-730,-48,-3,0,0.000937927,0.000678225
7/22/2020,73667,5882,7348,591,0.099746155,0.100476029,,74358,5923,7351,591,0.098859571,0.099780517,,-691,-41,-3,0,0.000886584,0.000695512
7/23/2020,73059,5437,7122,589,0.097482856,0.108331801,,73689,5485,7125,589,0.096690144,0.107383774,,-630,-48,-3,0,0.000792712,0.000948027
7/24/2020,72442,5745,6938,555,0.09577317,0.096605744,,73061,5785,6940,555,0.094989119,0.09593777,,-619,-40,-2,0,0.000784051,0.000667974
7/25/2020,71984,1814,6927,136,0.096229718,0.074972437,,72577,1826,6929,136,0.095471017,0.074479737,,-593,-12,-2,0,0.000758701,0.0004927
7/26/2020,71404,1665,6852,147,0.095961011,0.088288288,,71978,1678,6852,147,0.095195754,0.087604291,,-574,-13,0,0,0.000765257,0.000683997
7/27/2020,70987,7035,6796,737,0.095735839,0.104761905,,71554,7091,6796,737,0.09497722,0.103934565,,-567,-56,0,0,0.000758619,0.00082734
7/28/2020,70137,6101,6747,590,0.096197442,0.096705458,,70668,6141,6747,590,0.095474614,0.096075558,,-531,-40,0,0,0.000722828,0.0006299
7/29/2020,69446,5592,6704,605,0.096535438,0.108190272,,69947,5639,6704,605,0.095843996,0.107288526,,-501,-47,0,0,0.000691442,0.000901746
7/30/2020,68616,5067,6648,629,0.096887023,0.12413657,,69120,5090,6648,629,0.096180556,0.123575639,,-504,-23,0,0,0.000706467,0.000560931
7/31/2020,67925,5394,6715,541,0.098859036,0.100296626,,68401,5432,6715,541,0.098171079,0.099594993,,-476,-38,0,0,0.000687957,0.000701633
8/1/2020,67640,1699,6738,138,0.099615612,0.08122425,,68125,1713,6738,138,0.098906422,0.08056042,,-485,-14,0,0,0.00070919,0.00066383
8/2/2020,67165,1705,6723,131,0.100096777,0.076832845,,67643,1715,6723,131,0.099389442,0.07638484,,-478,-10,0,0,0.000707335,0.000448005
8/3/2020,67159,8025,6720,839,0.100061049,0.104548287,,67641,8080,6720,839,0.099348029,0.103836634,,-482,-55,0,0,0.00071302,0.000711653
8/4/2020,67566,6886,6812,686,0.100819939,0.099622422,,68051,6948,6812,686,0.100101395,0.098733448,,-485,-62,0,0,0.000718544,0.000888974
8/5/2020,68047,6111,6914,536,0.101606243,0.087710686,,68546,6158,6914,536,0.100866571,0.087041247,,-499,-47,0,0,0.000739672,0.000669439
8/6/2020,68276,5625,6859,527,0.100459898,0.093688889,,68781,5657,6859,527,0.099722307,0.093158918,,-505,-32,0,0,0.000737591,0.000529971
8/7/2020,68464,6181,6797,540,0.099278453,0.087364504,,68953,6219,6797,540,0.098574391,0.08683068,,-489,-38,0,0,0.000704062,0.000533824
8/8/2020,68900,1871,6782,186,0.098432511,0.099412079,,69387,1884,6782,186,0.097741652,0.098726115,,-487,-13,0,0,0.000690859,0.000685964
8/9/2020,68957,1747,6832,156,0.099076236,0.089295936,,69445,1765,6832,156,0.098380013,0.088385269,,-488,-18,0,0,0.000696223,0.000910667
8/10/2020,69039,5823,6841,652,0.099088921,0.111969775,,69532,5871,6841,652,0.098386354,0.111054335,,-493,-48,0,0,0.000702567,0.00091544
8/11/2020,67827,5724,6756,548,0.099606351,0.095737247,,68312,5764,6756,548,0.098899169,0.095072866,,-485,-40,0,0,0.000707182,0.000664381
8/12/2020,67450,7169,6714,700,0.0995404,0.097642628,,67935,7245,6714,700,0.098829764,0.096618357,,-485,-76,0,0,0.000710636,0.001024271
8/13/2020,69027,5996,6809,687,0.09864256,0.114576384,,69541,6056,6809,687,0.097913461,0.113441215,,-514,-60,0,0,0.000729099,0.001135169
8/14/2020,69956,6523,6867,680,0.098161702,0.104246512,,70507,6593,6867,680,0.097394585,0.103139694,,-551,-70,0,0,0.000767117,0.001106818
8/15/2020,71085,2468,7006,206,0.098558064,0.083468395,,71668,2494,7006,206,0.097756321,0.082598236,,-583,-26,0,0,0.000801743,0.000870159
8/16/2020,71854,2193,7074,184,0.098449634,0.083903329,,72449,2204,7074,184,0.097641099,0.083484574,,-595,-11,0,0,0.000808535,0.000418755
8/17/2020,72342,7698,7127,1025,0.09851815,0.133151468,,72938,7755,7127,1025,0.097713126,0.132172792,,-596,-57,0,0,0.000805024,0.000978676
8/18/2020,72015,6697,7313,774,0.101548289,0.115574138,,72613,6745,7313,774,0.100711994,0.114751668,,-598,-48,0,0,0.000836295,0.00082247
8/19/2020,71826,6335,7401,794,0.103040682,0.125335438,,72410,6390,7401,794,0.10220964,0.124256651,,-584,-55,0,0,0.000831042,0.001078787
8/20/2020,72050,6080,7659,739,0.10630118,0.121546053,,72642,6119,7659,739,0.105434872,0.120771368,,-592,-39,0,0,0.000866308,0.000774685
8/21/2020,72505,6110,7871,785,0.10855803,0.128477905,,73104,6231,7871,785,0.107668527,0.125982988,,-599,-121,0,0,0.000889503,0.002494917
8/22/2020,72434,2247,8116,285,0.112046829,0.126835781,,73116,2263,8116,285,0.111001696,0.125939019,,-682,-16,0,0,0.001045133,0.000896762
8/23/2020,72810,2284,8215,325,0.112827908,0.142294221,,73495,2321,8215,326,0.111776311,0.1404567,,-685,-37,0,-1,0.001051597,0.001837521
8/24/2020,73347,8608,8384,1448,0.11430597,0.168215613,,74051,8667,8385,1448,0.113232772,0.167070497,,-704,-59,-1,0,0.001073198,0.001145116
8/25/2020,76132,7600,9180,1231,0.120580045,0.161973684,,76847,7665,9181,1231,0.119471157,0.16060013,,-715,-65,-1,0,0.001108888,0.001373554
8/26/2020,78008,6843,9863,1248,0.12643575,0.182376151,,78748,6888,9864,1248,0.125260324,0.181184669,,-740,-45,-1,0,0.001175426,0.001191482
8/27/2020,77682,7203,10411,1211,0.134020751,0.168124393,,78391,7262,10412,1211,0.13282137,0.166758469,,-709,-59,-1,0,0.001199381,0.001365924
8/28/2020,78889,7463,10935,1199,0.138612481,0.160659252,,79597,7526,10936,1199,0.137392113,0.159314377,,-708,-63,-1,0,0.001220368,0.001344875
8/29/2020,79829,2426,11454,299,0.143481692,0.123248145,,80530,2445,11455,299,0.142245126,0.122290389,,-701,-19,-1,0,0.001236566,0.000957756
8/30/2020,79787,2335,11547,280,0.144722825,0.119914347,,80481,2353,11548,280,0.143487283,0.118997025,,-694,-18,-1,0,0.001235542,0.000917322
8/31/2020,79929,9546,11643,1183,0.145666779,0.123926252,,80630,9631,11644,1183,0.14441275,0.12283252,,-701,-85,-1,0,0.001254029,0.001093732
9/1/2020,81777,8478,11801,965,0.144307079,0.113824015,,82506,8562,11802,965,0.143044142,0.112707311,,-729,-84,-1,0,0.001262937,0.001116704
9/2/2020,83558,8097,11992,1147,0.143517078,0.141657404,,84323,8189,11993,1147,0.142226913,0.140065942,,-765,-92,-1,0,0.001290165,0.001591462
9/3/2020,85320,7700,12345,927,0.144690577,0.12038961,,86122,7754,12346,927,0.143354776,0.119551199,,-802,-54,-1,0,0.001335801,0.000838411
9/4/2020,86940,7441,12533,905,0.14415689,0.121623438,,87757,7506,12534,905,0.142826213,0.12057021,,-817,-65,-1,0,0.001330677,0.001053228
9/5/2020,88271,2487,12653,239,0.143342661,0.096099719,,89032,2507,12654,239,0.142128673,0.095333067,,-761,-20,-1,0,0.001213988,0.000766652
9/6/2020,88511,2573,12607,241,0.142434274,0.093664983,,89276,2597,12608,241,0.141224965,0.092799384,,-765,-24,-1,0,0.001209309,0.000865599
9/7/2020,88800,2114,12523,274,0.141024775,0.12961211,,89552,2153,12523,274,0.13984054,0.127264282,,-752,-39,0,0,0.001184235,0.002347828
9/8/2020,82306,11497,11349,1236,0.137887882,0.107506306,,83038,11795,11349,1236,0.136672367,0.104790165,,-732,-298,0,0,0.001215515,0.002716141
9/9/2020,86203,8795,11354,902,0.131712353,0.102558272,,87168,8854,11354,898,0.130254222,0.101423086,,-965,-59,0,4,0.001458131,0.001135186
9/10/2020,88155,7780,11008,860,0.124870966,0.110539846,,89134,7892,11004,859,0.123454574,0.108844399,,-979,-112,4,1,0.001416392,0.001695447
9/11/2020,88732,8575,10657,913,0.120103232,0.106472303,,89764,8676,10652,914,0.118666726,0.105348087,,-1032,-101,5,-1,0.001436506,0.001124216
9/12/2020,89844,2892,10371,229,0.115433418,0.079183956,,90914,2939,10367,229,0.114030842,0.077917659,,-1070,-47,4,0,0.001402576,0.001266297
9/13/2020,90310,2454,10301,244,0.114062673,0.099429503,,91408,2490,10297,244,0.112648783,0.097991968,,-1098,-36,4,0,0.00141389,0.001437535
9/14/2020,90429,11336,10265,1583,0.11351447,0.139643613,,91545,11512,10261,1583,0.112086952,0.137508687,,-1116,-176,4,0,0.001427518,0.002134926
9/15/2020,92219,9524,10665,993,0.115648619,0.104262915,,93426,9662,10661,992,0.114111703,0.102670255,,-1207,-138,4,1,0.001536916,0.00159266
9/16/2020,93265,8144,10693,1032,0.114651799,0.126719057,,94526,8210,10688,1032,0.11306942,0.125700365,,-1261,-66,5,0,0.001582379,0.001018692
9/17/2020,93312,8327,10578,986,0.113361626,0.118409992,,94547,8476,10573,984,0.11182798,0.116092496,,-1235,-149,5,2,0.001533646,0.002317496
9/18/2020,93939,8698,10637,1029,0.113233055,0.118303058,,95269,8770,10630,1029,0.111578793,0.117331813,,-1330,-72,7,0,0.001654262,0.000971245
9/19/2020,95196,3194,10761,313,0.113040464,0.097996243,,96533,3232,10754,313,0.111402318,0.096844059,,-1337,-38,7,0,0.001638146,0.001152184
9/20/2020,95903,2568,10835,275,0.112978739,0.107087227,,97258,2648,10828,275,0.111332744,0.103851964,,-1355,-80,7,0,0.001645995,0.003235263
9/21/2020,95898,12290,10869,1404,0.113339173,0.114239219,,97309,12444,10862,1403,0.111623796,0.112745098,,-1411,-154,7,1,0.001715377,0.001494121
9/22/2020,106074,11267,11999,1206,0.113119143,0.107038253,,107600,11384,11991,1201,0.11144052,0.105498946,,-1526,-117,8,5,0.001678623,0.001539307
9/23/2020,105844,9671,11969,1046,0.113081516,0.108158412,,107189,9681,11956,1043,0.111541296,0.107736804,,-1345,-10,13,3,0.00154022,0.000421608
9/24/2020,106720,9000,12113,926,0.113502624,0.102888889,,108016,9186,12101,922,0.112029699,0.100370128,,-1296,-186,12,4,0.001472925,0.002518761
9/25/2020,107940,8389,12179,904,0.112831203,0.107760162,,109310,8496,12164,904,0.111279846,0.106403013,,-1370,-107,15,0,0.001551357,0.001357149
9/26/2020,107754,2843,12170,279,0.112942443,0.098135772,,109130,2884,12154,279,0.111371758,0.096740638,,-1376,-41,16,0,0.001570685,0.001395134
9/27/2020,107705,2660,12220,247,0.113458057,0.092857143,,109075,2675,12204,247,0.111886317,0.092336449,,-1370,-15,16,0,0.00157174,0.000520694
9/28/2020,107911,12646,12223,1463,0.113269268,0.115688755,,109260,12638,12207,1447,0.111724327,0.114495965,,-1349,8,16,16,0.001544941,0.00119279
9/29/2020,109221,10193,12103,989,0.110812023,0.097027372,,110386,10262,12071,987,0.109352635,0.096180082,,-1165,-69,32,2,0.001459388,0.00084729
9/30/2020,109890,9694,12099,957,0.11010101,0.098720858,,110986,9869,12066,955,0.108716415,0.096767656,,-1096,-175,33,2,0.001384595,0.001953202
10/1/2020,111440,8256,12024,869,0.107896626,0.105256783,,112645,8630,11989,862,0.10643171,0.099884125,,-1205,-374,35,7,0.001464916,0.005372658
10/2/2020,111369,8833,11907,878,0.106914851,0.099399977,,112799,9030,11867,876,0.105204833,0.097009967,,-1430,-197,40,2,0.001710018,0.00239001
10/3/2020,111504,3175,11756,352,0.105431195,0.110866142,,113059,3238,11714,353,0.10360962,0.109017912,,-1555,-63,42,-1,0.001821575,0.00184823
10/4/2020,111485,2965,11795,284,0.105798986,0.095784148,,113065,3213,11754,283,0.1039579,0.088079676,,-1580,-248,41,1,0.001841086,0.007704472
10/5/2020,111882,15099,11804,1646,0.105504013,0.109013842,,113630,16661,11762,1644,0.103511397,0.098673549,,-1748,-1562,42,2,0.001992616,0.010340293
10/6/2020,114691,14723,12046,1224,0.105030037,0.083135231,,117847,16588,12003,1211,0.101852402,0.073004582,,-3156,-1865,43,13,0.003177635,0.010130649
10/7/2020,118147,12365,12064,1256,0.102110083,0.101577032,,123051,12829,12013,1239,0.097626188,0.096578065,,-4904,-464,51,17,0.004483895,0.004998967
10/8/2020,120841,11950,12274,1217,0.101571486,0.101841004,,126199,13019,12209,1169,0.096744031,0.089791843,,-5358,-1069,65,48,0.004827455,0.012049161
10/9/2020,123791,11720,12565,1197,0.101501725,0.102133106,,130032,11197,12456,1058,0.095791805,0.094489595,,-6241,523,109,139,0.00570992,0.007643511
10/10/2020,127122,3540,12858,347,0.10114693,0.098022599,,132733,2099,12610,164,0.09500275,0.078132444,,-5611,1441,248,183,0.00614418,0.019890155
10/11/2020,127819,3407,12926,293,0.101127375,0.085999413,,131948,1536,12495,109,0.094696396,0.070963542,,-4129,1871,431,184,0.006430979,0.015035871
10/12/2020,128566,14060,12972,1395,0.100897593,0.099217639,,130809,131,12357,8,0.094465977,0.061068702,,-2243,13929,615,1387,0.006431616,0.038148937
10/13/2020,129980,5666,12904,345,0.099276812,0.060889516,,,,,,,,,,,,,,
10/14/2020,125453,712,12260,48,0.097725842,0.06741573,,,,,,,,,,,,,,
